{
    "images":
    {
        "title":
        {
            "image" : "wod:textures/gui/heading.png",
            "posX" : -217,
            "posY" : 15,
            "width" : 440,
            "height" : 128,
            "alignment" : "top_center"
        },
		"bisect":
		{
			"image":"wod:scrn/bisecthosting.png",
			"posX": 15,
			"posY": 220,
			"width": 280,
			"height": 64,
			"alignment": "left"
		}
    },
 
	"buttons":
    {
        "singleplayer":
        {
            "text" : "menu.singleplayer",
			"alignment" : "left",
            "posX" : 120,
            "posY" : 140,
            "width" : 100,
            "height" : 20,
            "action" : 
            {
                "type" : "openGui",
                "gui" : "singleplayer"
            }
        },
        
        "multiplayer":
        {
            "text" : "menu.multiplayer",
			"alignment" : "left",
            "posX" : 15,
            "posY" : 140,
            "width" : 100,
            "height" : 20,
            "action" : 
            {
                "type" : "openGui",
                "gui" : "multiplayer"
            }
        },
        
        "Support":
        {
            "text" : "Bug Reports",
            "posX" : 120,
            "posY" : 162,
            "width" : 100,
            "height" : 20,
			"alignment":"top_left",
            "action" : 
            {
                "type" : "openLink",
                "link" : "https://github.com/kreezxil/wpc/issues"
            }
        },

        "Bisect":
        {
            "text" : "Servers from $1.99",
            "posX" : 87,
            "posY" : 270,
            "width" : 110,
            "height" : 20,
			"alignment":"top_left",
            "action" : 
            {
                "type" : "openLink",
                "link" : "https://bisecthosting.com/kreezxil"
            }
        },
        
        "mods":
        {
            "text" : "fml.menu.mods",
			"alignment" : "left",
            "posX" : 15,
            "posY" : 162,
            "width" : 45,
            "height" : 20,
            "action" : 
            {
                "type" : "openGui",
                "gui" : "mods"
            }
        },
            
        "options":
        {
            "text" : "Options",
			"alignment" : "left",
            "posX" : 61,
            "posY" : 162,
            "width" : 54,
            "height" : 20,
            "action" : 
            {
                "type" : "openGui",
                "gui" : "options"
            }
        },
        
        "language":
        {
            "text" : " ",
			"alignment" : "top_right",
            "posX" : -25,
            "posY" : 5,
            "width" : 20,
            "height" : 20,
            "action" : 
            {
                "type" : "openGui",
                "gui" : "languages"
            }
        },
        
        "refresh":
        {
            "text" : " ",
			"alignment" : "top_right",
            "posX" : -25,
            "posY" : 27,
            "width" : 20,
            "height" : 20,
            "texture" : "custommainmenu:textures/gui/buttons.png",
            "action" : 
            {
                "type" : "refresh"
            }
        },

        "quit":
        {
            "text" : "menu.quit",
			"alignment" : "left",
            "posX" : 15,
            "posY" : 184,
            "width" : 60,
            "height" : 20,
            "action" : 
            {
                "type" : "quit"
            }
        }
        
    },
    
    "labels":
    {
        "mojang":
        {
            "text" : "Copyright Mojang AB. Do not distribute!",
            "posX" : -197,
            "posY" : -10,
            "color" : -1,
            "alignment" : "bottom_right"
        },
        
        "fml":
        {
            "text" : "",
            "posX" : 2,
            "posY" : -40,
            "color" : -1,
            "alignment" : "bottom_left"
        }
    },
    
    "other":
    {
        "splash-text":
        {
            "posX" : 190,
            "posY" : 120,
            "color" : -256,
            "alignment" : "top_center",
            "texts" : "file:wod:texts/splashes.txt"
        },
        
"background":
        {
            "image" : "",
            "slideshow":
            {
                "images" : [
                                        "wod:scrn/1.png",
                                        "wod:scrn/2.png",
										"wod:scrn/3.png"
                                                        ],
                                "displayDuration" : 100,
                                "fadeDuration" : 40,
                                "shuffle" : true
            }
        }   
	}
}